Peptide,E-value,Ion type,charge,M/Z,Intensity,Mobility,Rank,PassMascotThreshold
VLDALDSIK,0.02931329286671,frag: a ion,1,72.0467,11000.0,15.963501,1,true
VLDALDSIK,0.02931329286671,frag: a ion,1,185.15663,37790.0,0.0,1,true
VLDALDSIK,0.02931329286671,frag: a ion,2,186.1589,9888.0,17.1354,1,true
VLDALDSIK,0.02931329286671,frag: a ion,2,300.1414,14880.0,26.3625,1,true
VLDALDSIK,0.02931329286671,frag: b ion,1,213.1453,23690.0,17.9642,1,true
VLDALDSIK,0.02931329286671,frag: b ion,1,328.1687,22730.0,31.367302,1,true
VLDALDSIK,0.02931329286671,frag: b ion,1,399.2041,7661.0,40.7921,1,true
VLDALDSIK,0.02931329286671,frag: y ion,1,575.3003,39560.0,65.4093,1,true
VLDALDSIK,0.02931329286671,frag: y ion,1,462.2225,35430.0,45.4818,1,true
VLDALDSIK,0.02931329286671,frag: y ion,1,347.2069,27290.0,31.7602,1,true
VLDALDSIK,0.02931329286671,frag: y ion,1,260.1863,8186.0,23.382,1,true
VLDALDSIK,0.02931329286671,frag: y ion,1,147.1012,3404.0,16.0981,1,true
VLDALDSIK,0.02931329286671,frag: y ion - NH3,1,744.3547,7989.0,0.0,1,true
VLDALDSIK,0.02931329286671,frag: y ion - NH3,1,130.073,922.0,0.0,1,true
LTLAEVEAK,0.873101244041653,frag: a ion,1,86.0685,9188.0,16.0409,2,false
LTLAEVEAK,0.873101244041653,frag: a ion,2,186.1589,9888.0,17.1354,2,false
LTLAEVEAK,0.873101244041653,frag: y ion,1,646.3262,60700.0,77.1273,2,false
LTLAEVEAK,0.873101244041653,frag: y ion,1,575.3003,39560.0,65.4093,2,false
LTLAEVEAK,0.873101244041653,frag: y ion,1,347.2069,27290.0,31.7602,2,false
LTLAEVEAK,0.873101244041653,frag: y ion,1,147.1012,3404.0,16.0981,2,false
LTLAEVEAK,0.873101244041653,frag: y ion - NH3,1,201.1164,2929.0,17.1648,2,false
LTLAEVEAK,0.873101244041653,frag: y ion - NH3,1,130.073,922.0,0.0,2,false
DGPLTGTYR,0.187500894371254,frag: a ion,1,145.047,1305.0,0.0,1,false
DGPLTGTYR,0.187500894371254,frag: b ion,1,173.0443,952.0,16.1568,1,false
DGPLTGTYR,0.187500894371254,frag: b ion,1,270.0916,5552.0,18.7309,1,false
DGPLTGTYR,0.187500894371254,frag: y ion,1,496.2114,28870.0,52.6183,1,false
DGPLTGTYR,0.187500894371254,frag: y ion,1,439.2006,3409.0,43.8741,1,false
DGPLTGTYR,0.187500894371254,frag: y ion,1,338.1616,3427.0,29.9265,1,false
DGPLTGTYR,0.187500894371254,frag: y ion,1,175.1062,4541.0,16.263,1,false
DGPLTGTYR,0.187500894371254,frag: y ion - NH3,1,580.2372,5771.0,62.354,1,false
DGPLTGTYR,0.187500894371254,frag: y ion - NH3,1,479.1946,5079.0,48.8572,1,false
DGPLTGTYR,0.187500894371254,frag: y ion - NH3,1,422.1763,3787.0,41.1615,1,false
DGPLTGTYR,0.187500894371254,frag: y ion - NH3,1,321.1357,10950.0,29.8204,1,false
DGPLTGTYR,0.187500894371254,frag: y ion - NH3,1,158.08,1493.0,0.0,1,false
QSPVDIDTK,0.0487901885479686,frag: a ion,1,188.0893,2160.0,16.4126,1,true
QSPVDIDTK,0.0487901885479686,frag: a ion - NH3,1,171.061,2575.0,0.0,1,true
QSPVDIDTK,0.0487901885479686,frag: b ion,1,129.0847,974.0,16.0782,1,true
QSPVDIDTK,0.0487901885479686,frag: b ion - NH3,2,198.0737,1836.0,16.7767,1,true
QSPVDIDTK,0.0487901885479686,frag: b ion - NH3,2,312.1311,9806.0,27.133,1,true
QSPVDIDTK,0.0487901885479686,frag: y ion,1,476.232,4136.0,0.0,1,true
QSPVDIDTK,0.0487901885479686,frag: y ion,1,363.1573,5918.0,31.771301,1,true
QSPVDIDTK,0.0487901885479686,frag: y ion,1,248.1422,7736.0,19.4591,1,true
QSPVDIDTK,0.0487901885479686,frag: y ion,1,147.0965,1445.0,16.0948,1,true
VGDANPALQK,0.00123614109427185,frag: a ion,1,72.0496,2122.0,15.978199,1,true
VGDANPALQK,0.00123614109427185,frag: a ion,1,129.0912,1878.0,16.097,1,true
VGDANPALQK,0.00123614109427185,frag: b ion,1,157.0907,1167.0,16.2421,1,true
VGDANPALQK,0.00123614109427185,frag: b ion,1,272.1187,5292.0,21.5663,1,true
VGDANPALQK,0.00123614109427185,frag: y ion,1,913.4456,6710.0,113.412,1,true
VGDANPALQK,0.00123614109427185,frag: y ion,1,670.3713,4063.0,77.0896,1,true
VGDANPALQK,0.00123614109427185,frag: y ion,1,556.3235,21150.0,65.6063,1,true
VGDANPALQK,0.00123614109427185,frag: y ion,1,388.2434,5662.0,39.3688,1,true
VGDANPALQK,0.00123614109427185,frag: y ion,1,275.1676,3018.0,21.2032,1,true
VGDANPALQK,0.00123614109427185,frag: y ion,1,147.1047,1478.0,16.1332,1,true
VGDANPALQK,0.00123614109427185,frag: y ion - NH3,1,258.1411,2910.0,20.1765,1,true
VGDANPALQK,0.00123614109427185,frag: y ion - NH3,1,130.0749,929.0,16.016,1,true
VDPAVQQQK,1.80330025603615,frag: a ion,1,72.0496,2122.0,15.978199,2,false
VDPAVQQQK,1.80330025603615,frag: b ion,1,610.28,2758.0,0.0,2,false
VDPAVQQQK,1.80330025603615,frag: y ion,1,913.4456,6710.0,113.412,2,false
VDPAVQQQK,1.80330025603615,frag: y ion,1,275.1676,3018.0,21.2032,2,false
VDPAVQQQK,1.80330025603615,frag: y ion,1,147.1047,1478.0,16.1332,2,false
VDPAVQQQK,1.80330025603615,frag: y ion - NH3,1,258.1411,2910.0,20.1765,2,false
VDPAVQQQK,1.80330025603615,frag: y ion - NH3,1,130.0749,929.0,16.016,2,false
IASHTLDAGK,2.46642574138502,frag: a ion,1,157.0907,1167.0,16.2421,3,false
IASHTLDAGK,2.46642574138502,frag: b ion,1,272.1187,5292.0,21.5663,3,false
IASHTLDAGK,2.46642574138502,frag: y ion,1,275.1676,3018.0,21.2032,3,false
IASHTLDAGK,2.46642574138502,frag: y ion,1,204.1308,2735.0,17.1033,3,false
IASHTLDAGK,2.46642574138502,frag: y ion,1,147.1047,1478.0,16.1332,3,false
IASHTLDAGK,2.46642574138502,frag: y ion - NH3,1,258.1411,2910.0,20.1765,3,false
IASHTLDAGK,2.46642574138502,frag: y ion - NH3,1,130.0749,929.0,16.016,3,false
DFPIANGER,0.0080688910672413,frag: a ion,1,235.1173,16080.0,55.6762,1,true
DFPIANGER,0.0080688910672413,frag: y ion,1,756.43555,11170.0,0.0,1,true
DFPIANGER,0.0080688910672413,frag: y ion,1,659.3776,2351.0,134.0033,1,true
DFPIANGER,0.0080688910672413,frag: y ion,1,546.2808,26440.0,110.236,1,true
DFPIANGER,0.0080688910672413,frag: y ion,1,475.248,6273.0,0.0,1,true
DFPIANGER,0.0080688910672413,frag: y ion,1,361.1958,24910.0,78.8634,1,true
DFPIANGER,0.0080688910672413,frag: y ion,1,175.1286,2541.0,41.3357,1,true
DFPIANGER,0.0080688910672413,frag: y ion,2,378.7196,6416.0,56.7712,1,true
DFPIANGER,0.0080688910672413,frag: y ion - NH3,1,458.2232,4061.0,94.681,1,true
RAMNQGWR,1.78161496666827,frag: a ion - NH3,1,183.1578,16850.0,46.8656,2,false
RAMNQGWR,1.78161496666827,frag: b ion - NH3,1,211.1588,2997.0,56.5131,2,false
RAMNQGWR,1.78161496666827,frag: y ion,1,660.3616,18040.0,129.9281,2,false
RAMNQGWR,1.78161496666827,frag: y ion,1,546.2808,26440.0,110.236,2,false
RAMNQGWR,1.78161496666827,frag: y ion,1,361.1958,24910.0,78.8634,2,false
RAMNQGWR,1.78161496666827,frag: y ion,1,175.1286,2541.0,41.3357,2,false
ENDLRSER,7.12547552014768,frag: y ion,1,660.3616,18040.0,129.9281,3,false
ENDLRSER,7.12547552014768,frag: y ion,1,547.2641,32130.0,110.7948,3,false
ENDLRSER,7.12547552014768,frag: y ion,1,175.1286,2541.0,41.3357,3,false
ENDLRSER,7.12547552014768,frag: y ion - NH3,1,530.2541,4484.0,103.8692,3,false
ENDLRSER,7.12547552014768,frag: y ion - NH3,2,379.7168,2052.0,56.0179,3,false
DFPIANGER,0.00124684897438065,frag: a ion,1,235.1138,25440.0,52.982,1,true
DFPIANGER,0.00124684897438065,frag: a ion,2,344.1753,4527.0,66.6752,1,true
DFPIANGER,0.00124684897438065,frag: b ion,1,263.1218,3028.0,54.9414,1,true
DFPIANGER,0.00124684897438065,frag: y ion,1,756.4265,24390.0,105.833,1,true
DFPIANGER,0.00124684897438065,frag: y ion,1,659.3677,21540.0,100.5095,1,true
DFPIANGER,0.00124684897438065,frag: y ion,1,546.2721,30330.0,86.9736,1,true
DFPIANGER,0.00124684897438065,frag: y ion,1,475.2492,7218.0,78.8776,1,true
DFPIANGER,0.00124684897438065,frag: y ion,1,361.1915,23270.0,68.1965,1,true
DFPIANGER,0.00124684897438065,frag: y ion,1,175.11488,7632.0,0.0,1,true
DFPIANGER,0.00124684897438065,frag: y ion,2,378.7187,5782.0,54.1534,1,true
DFPIANGER,0.00124684897438065,frag: y ion - NH3,1,739.4148,4597.0,103.4985,1,true
DFPIANGER,0.00124684897438065,frag: y ion - NH3,1,529.2648,4697.0,83.769,1,true
DFPIANGER,0.00124684897438065,frag: y ion - NH3,1,458.2225,5026.0,77.6355,1,true
DFPIANGER,0.00124684897438065,frag: y ion - NH3,1,344.1753,4527.0,66.6752,1,true
RAMNQGWR,0.568609160933587,frag: a ion - NH3,1,183.1559,15850.0,46.8253,2,false
RAMNQGWR,0.568609160933587,frag: b ion - NH3,1,211.1581,5426.0,53.2318,2,false
RAMNQGWR,0.568609160933587,frag: y ion,1,660.3512,30650.0,99.8968,2,false
RAMNQGWR,0.568609160933587,frag: y ion,1,546.2721,30330.0,86.9736,2,false
RAMNQGWR,0.568609160933587,frag: y ion,1,361.1915,23270.0,68.1965,2,false
RAMNQGWR,0.568609160933587,frag: y ion,1,175.11488,7632.0,0.0,2,false
RAMNQGWR,0.568609160933587,frag: y ion - NH3,1,529.2648,4697.0,83.769,2,false
RAMNQGWR,0.568609160933587,frag: y ion - NH3,1,344.1753,4527.0,66.6752,2,false
AGEGTGAGRSR,3.97936570132939,frag: b ion,2,379.2083,9703.0,53.6283,3,false
AGEGTGAGRSR,3.97936570132939,frag: y ion,1,546.2721,30330.0,86.9736,3,false
AGEGTGAGRSR,3.97936570132939,frag: y ion,1,475.2492,7218.0,78.8776,3,false
AGEGTGAGRSR,3.97936570132939,frag: y ion,1,175.11488,7632.0,0.0,3,false
AGEGTGAGRSR,3.97936570132939,frag: y ion - NH3,1,529.2648,4697.0,83.769,3,false
AGEGTGAGRSR,3.97936570132939,frag: y ion - NH3,1,458.2225,5026.0,77.6355,3,false
AGEGTGAGRSR,3.97936570132939,frag: y ion - NH3,2,344.1753,4527.0,66.6752,3,false
ENDLRSER,6.69597544514047,frag: a ion,2,344.1753,4527.0,66.6752,4,false
ENDLRSER,6.69597544514047,frag: y ion,1,660.3512,30650.0,99.8968,4,false
ENDLRSER,6.69597544514047,frag: y ion,1,547.2548,44090.0,86.8712,4,false
ENDLRSER,6.69597544514047,frag: y ion,1,175.11488,7632.0,0.0,4,false
ENDLRSER,6.69597544514047,frag: y ion - NH3,1,530.2506,5968.0,82.8638,4,false
ENDLRSER,6.69597544514047,frag: y ion - NH3,2,379.7145,4181.0,53.7698,4,false
MGGQASKAPR,7.10908738121738,frag: a ion,1,120.0776,3397.0,38.2487,5,false
MGGQASKAPR,7.10908738121738,frag: y ion,1,757.41583,33800.0,0.0,5,false
MGGQASKAPR,7.10908738121738,frag: y ion,1,175.11488,7632.0,0.0,5,false
MGGQASKAPR,7.10908738121738,frag: y ion,2,379.2083,9703.0,53.6283,5,false
MGGQASKAPR,7.10908738121738,frag: y ion,2,236.1254,5678.0,53.1932,5,false
MGGQASKAPR,7.10908738121738,frag: y ion - NH3,1,740.406,4014.0,0.0,5,false
DFPIANGER,0.220705853922007,frag: b ion,1,263.1011,8935.0,19.7129,1,false
DFPIANGER,0.220705853922007,frag: b ion,1,360.1486,10600.0,31.6423,1,false
DFPIANGER,0.220705853922007,frag: y ion,1,756.3705,29910.0,85.0167,1,false
DFPIANGER,0.220705853922007,frag: y ion,1,475.2138,13670.0,45.3971,1,false
DFPIANGER,0.220705853922007,frag: y ion,1,361.1705,24250.0,32.2226,1,false
DFPIANGER,0.220705853922007,frag: y ion,1,175.09946,10210.0,0.0,1,false
DFPIANGER,0.220705853922007,frag: y ion - NH3,1,739.3662,2612.0,83.0046,1,false
DFPIANGER,0.220705853922007,frag: y ion - NH3,1,529.227,2197.0,0.0,1,false
DFPIANGER,0.220705853922007,frag: y ion - NH3,1,458.1897,3613.0,42.9501,1,false
ALPDFWNR,5.72550571343281,frag: b ion,1,282.1795,6445.0,27.8179,2,false
ALPDFWNR,5.72550571343281,frag: b ion,1,397.2028,5281.0,36.3694,2,false
ALPDFWNR,5.72550571343281,frag: y ion,1,475.2138,13670.0,45.3971,2,false
ALPDFWNR,5.72550571343281,frag: y ion,1,175.09946,10210.0,0.0,2,false
ALPDFWNR,5.72550571343281,frag: y ion - NH3,1,458.1897,3613.0,42.9501,2,false
EPISVSSQQMLK,0.000188985286581165,frag: a ion,1,199.1182,7710.0,46.6371,1,true
EPISVSSQQMLK,0.000188985286581165,frag: a ion - NH3,2,392.222,10120.0,0.0,1,true
EPISVSSQQMLK,0.000188985286581165,frag: b ion,1,227.1168,5376.0,49.2154,1,true
EPISVSSQQMLK,0.000188985286581165,frag: b ion,1,340.2065,3638.0,67.8207,1,true
EPISVSSQQMLK,0.000188985286581165,frag: b ion,1,427.2381,5896.0,74.8198,1,true
EPISVSSQQMLK,0.000188985286581165,frag: y ion,1,1120.643,17900.0,0.0,1,true
EPISVSSQQMLK,0.000188985286581165,frag: y ion,1,1007.5272,49050.0,127.57089,1,true
EPISVSSQQMLK,0.000188985286581165,frag: y ion,1,920.5119,30150.0,124.9622,1,true
EPISVSSQQMLK,0.000188985286581165,frag: y ion,1,821.4166,29630.0,114.4543,1,true
EPISVSSQQMLK,0.000188985286581165,frag: y ion,1,734.4091,25530.0,107.3156,1,true
EPISVSSQQMLK,0.000188985286581165,frag: y ion,1,647.3828,9387.0,98.45,1,true
EPISVSSQQMLK,0.000188985286581165,frag: y ion,1,519.3179,10800.0,89.3233,1,true
EPISVSSQQMLK,0.000188985286581165,frag: y ion,1,391.21283,33950.0,0.0,1,true
EPISVSSQQMLK,0.000188985286581165,frag: y ion,1,260.2122,6267.0,60.5293,1,true
EPISVSSQQMLK,0.000188985286581165,frag: y ion,1,147.1167,2796.0,40.373,1,true
EPISVSSQQMLK,0.000188985286581165,frag: y ion,2,504.2872,1804.0,63.178497,1,true
EPISVSSQQMLK,0.000188985286581165,frag: y ion,2,460.7671,1755.0,62.198,1,true
EPISVSSQQMLK,0.000188985286581165,frag: y ion - NH3,1,804.439,4258.0,0.0,1,true
EPISVSSQQMLK,0.000188985286581165,frag: y ion - NH3,1,630.3594,1860.0,98.0296,1,true
EPISVSSQQMLK,0.000188985286581165,frag: y ion - NH3,1,502.2975,4609.0,85.4646,1,true
EPISVSSQQMLK,9.49353582428129e-006,frag: a ion,1,199.1066,9618.0,16.565,1,true
EPISVSSQQMLK,9.49353582428129e-006,frag: a ion,2,200.1157,1259.0,16.508,1,true
EPISVSSQQMLK,9.49353582428129e-006,frag: a ion - NH3,2,392.2016,15930.0,35.2336,1,true
EPISVSSQQMLK,9.49353582428129e-006,frag: b ion,1,130.0788,1322.0,16.022,1,true
EPISVSSQQMLK,9.49353582428129e-006,frag: b ion,1,227.1039,6961.0,17.0279,1,true
EPISVSSQQMLK,9.49353582428129e-006,frag: b ion,1,340.1872,5591.0,31.095001,1,true
EPISVSSQQMLK,9.49353582428129e-006,frag: b ion,1,427.2167,9449.0,39.6523,1,true
EPISVSSQQMLK,9.49353582428129e-006,frag: y ion,1,1120.5934,8740.0,0.0,1,true
EPISVSSQQMLK,9.49353582428129e-006,frag: y ion,1,1007.49225,40540.0,0.0,1,true
EPISVSSQQMLK,9.49353582428129e-006,frag: y ion,1,920.47784,27220.0,0.0,1,true
EPISVSSQQMLK,9.49353582428129e-006,frag: y ion,1,821.3855,59340.0,102.1859,1,true
EPISVSSQQMLK,9.49353582428129e-006,frag: y ion,1,734.3765,33650.0,89.0292,1,true
EPISVSSQQMLK,9.49353582428129e-006,frag: y ion,1,647.3491,13230.0,73.067,1,true
EPISVSSQQMLK,9.49353582428129e-006,frag: y ion,1,519.2919,16310.0,59.8693,1,true
EPISVSSQQMLK,9.49353582428129e-006,frag: y ion,1,391.19083,53830.0,0.0,1,true
EPISVSSQQMLK,9.49353582428129e-006,frag: y ion,1,260.1988,9543.0,24.1183,1,true
EPISVSSQQMLK,9.49353582428129e-006,frag: y ion,1,147.1072,4002.0,16.1101,1,true
EPISVSSQQMLK,9.49353582428129e-006,frag: y ion,2,260.1988,9543.0,24.1183,1,true
EPISVSSQQMLK,9.49353582428129e-006,frag: y ion - NH3,1,804.3946,7049.0,0.0,1,true
EPISVSSQQMLK,9.49353582428129e-006,frag: y ion - NH3,1,630.3239,5658.0,71.4523,1,true
EPISVSSQQMLK,9.49353582428129e-006,frag: y ion - NH3,1,502.2683,6741.0,55.8497,1,true
EPISVSSQQMLK,9.49353582428129e-006,frag: y ion - NH3,1,130.0788,1322.0,16.022,1,true
LASMAAPGCVVVR,2.76329972347141,frag: a ion,1,86.0727,7823.0,15.9981,2,false
LASMAAPGCVVVR,2.76329972347141,frag: a ion,1,391.19083,53830.0,0.0,2,false
LASMAAPGCVVVR,2.76329972347141,frag: a ion,1,462.2655,19080.0,48.0807,2,false
LASMAAPGCVVVR,2.76329972347141,frag: a ion,1,630.3239,5658.0,71.4523,2,false
LASMAAPGCVVVR,2.76329972347141,frag: a ion,2,344.1576,4424.0,28.6698,2,false
LASMAAPGCVVVR,2.76329972347141,frag: b ion,1,490.2571,28920.0,48.4546,2,false
LASMAAPGCVVVR,2.76329972347141,frag: b ion,2,210.0993,1796.0,16.7032,2,false
LASMAAPGCVVVR,2.76329972347141,frag: y ion,1,274.1437,3175.0,21.3207,2,false
LASMAAPGCVVVR,2.76329972347141,frag: y ion,2,617.287,6560.0,0.0,2,false
LASMAAPGCVVVR,2.76329972347141,frag: y ion,2,187.1089,2340.0,16.4318,2,false
LASMAAPGCVVVR,2.76329972347141,frag: y ion - NH3,2,129.095,1046.0,0.0,2,false
YAAELHLVHWNTK,1.59439930222204e-006,frag: a ion,1,207.1245,1305.0,50.0034,1,true
YAAELHLVHWNTK,1.59439930222204e-006,frag: a ion,2,435.2075,4487.0,75.6567,1,true
YAAELHLVHWNTK,1.59439930222204e-006,frag: b ion,1,235.1234,3510.0,53.6104,1,true
YAAELHLVHWNTK,1.59439930222204e-006,frag: b ion,1,306.1632,3345.0,65.9589,1,true
YAAELHLVHWNTK,1.59439930222204e-006,frag: b ion,1,435.2075,4487.0,75.6567,1,true
YAAELHLVHWNTK,1.59439930222204e-006,frag: b ion,1,548.3062,6727.0,88.0493,1,true
YAAELHLVHWNTK,1.59439930222204e-006,frag: b ion,1,685.3656,11760.0,101.0378,1,true
YAAELHLVHWNTK,1.59439930222204e-006,frag: b ion,1,798.4481,4306.0,113.1013,1,true
YAAELHLVHWNTK,1.59439930222204e-006,frag: b ion,1,897.5303,8353.0,119.4502,1,true
YAAELHLVHWNTK,1.59439930222204e-006,frag: b ion,2,517.7975,3269.0,66.7822,1,true
YAAELHLVHWNTK,1.59439930222204e-006,frag: y ion,1,1034.5946,8288.0,130.4411,1,true
YAAELHLVHWNTK,1.59439930222204e-006,frag: y ion,1,897.5303,8353.0,119.4502,1,true
YAAELHLVHWNTK,1.59439930222204e-006,frag: y ion,1,784.4455,4962.0,109.6697,1,true
YAAELHLVHWNTK,1.59439930222204e-006,frag: y ion,1,685.3656,11760.0,101.0378,1,true
YAAELHLVHWNTK,1.59439930222204e-006,frag: y ion,1,548.3062,6727.0,88.0493,1,true
YAAELHLVHWNTK,1.59439930222204e-006,frag: y io