Peptide,E-value,Ion type,charge,M/Z,Intensity,Mobility
VLDALDSIK,0.000143549056087348,frag: a ion,1,72.0594,11000.0,15.963501
VLDALDSIK,0.000143549056087348,frag: a ion,1,185.18922,37790.0,0.0
VLDALDSIK,0.000143549056087348,frag: a ion,1,300.1942,14880.0,26.3625
VLDALDSIK,0.000143549056087348,frag: a ion,1,484.2585,27530.0,47.979
VLDALDSIK,0.000143549056087348,frag: a ion,2,186.1916,9888.0,17.1354
VLDALDSIK,0.000143549056087348,frag: a ion,2,300.1942,14880.0,26.3625
VLDALDSIK,0.000143549056087348,frag: b ion,1,213.1828,23690.0,17.9642
VLDALDSIK,0.000143549056087348,frag: b ion,1,328.2264,22730.0,31.367302
VLDALDSIK,0.000143549056087348,frag: b ion,1,399.2743,7661.0,40.7921
VLDALDSIK,0.000143549056087348,frag: y ion,1,874.5729,7369.0,114.6322
VLDALDSIK,0.000143549056087348,frag: y ion,1,761.4573,96330.0,0.0
VLDALDSIK,0.000143549056087348,frag: y ion,1,646.4399,60700.0,77.1273
VLDALDSIK,0.000143549056087348,frag: y ion,1,575.4015,39560.0,65.4093
VLDALDSIK,0.000143549056087348,frag: y ion,1,462.3038,35430.0,45.4818
VLDALDSIK,0.000143549056087348,frag: y ion,1,347.268,27290.0,31.7602
VLDALDSIK,0.000143549056087348,frag: y ion,1,260.2321,8186.0,23.382
VLDALDSIK,0.000143549056087348,frag: y ion,1,147.1271,3404.0,16.0981
VLDALDSIK,0.000143549056087348,frag: y ion,2,437.794,14030.0,25.5369
VLDALDSIK,0.000143549056087348,frag: y ion - NH3,1,744.4856,7989.0,0.0
VLDALDSIK,0.000143549056087348,frag: y ion - NH3,1,130.0959,922.0,16.0032
VLDALDSIK,0.000143549056087348,frag: y ion - NH3,2,428.7942,1853.0,23.8501
DGPLTGTYR,0.00571736472658544,frag: a ion,1,145.0725,1305.0,16.0818
DGPLTGTYR,0.00571736472658544,frag: b ion,1,173.0747,952.0,16.1568
DGPLTGTYR,0.00571736472658544,frag: b ion,1,270.1391,5552.0,18.7309
DGPLTGTYR,0.00571736472658544,frag: b ion,2,321.1922,10950.0,29.8204
DGPLTGTYR,0.00571736472658544,frag: y ion,1,710.4548,26040.0,85.1791
DGPLTGTYR,0.00571736472658544,frag: y ion,1,597.3485,50540.0,65.3193
DGPLTGTYR,0.00571736472658544,frag: y ion,1,496.2987,28870.0,52.6183
DGPLTGTYR,0.00571736472658544,frag: y ion,1,439.2779,3409.0,43.8741
DGPLTGTYR,0.00571736472658544,frag: y ion,1,338.2211,3427.0,29.9265
DGPLTGTYR,0.00571736472658544,frag: y ion,1,175.137,4541.0,16.263
DGPLTGTYR,0.00571736472658544,frag: y ion - NH3,1,580.3393,5771.0,62.354
DGPLTGTYR,0.00571736472658544,frag: y ion - NH3,1,479.2789,5079.0,48.8572
DGPLTGTYR,0.00571736472658544,frag: y ion - NH3,1,422.2506,3787.0,41.1615
DGPLTGTYR,0.00571736472658544,frag: y ion - NH3,1,321.1922,10950.0,29.8204
DGPLTGTYR,0.00571736472658544,frag: y ion - NH3,1,158.1078,1493.0,16.1271
DGPLTGTYR,0.00571736472658544,frag: y ion - NH3,2,395.2573,2108.0,20.1893
DGPLTGTYR,0.00571736472658544,frag: y ion - NH3,2,211.1693,1853.0,18.4217
QSPVDIDTK,0.00578486015248307,frag: a ion,1,188.1224,2160.0,16.4126
QSPVDIDTK,0.00578486015248307,frag: a ion - NH3,1,171.0911,2575.0,16.1986
QSPVDIDTK,0.00578486015248307,frag: b ion,1,129.1074,974.0,16.0782
QSPVDIDTK,0.00578486015248307,frag: b ion - NH3,2,198.1085,1836.0,16.7767
QSPVDIDTK,0.00578486015248307,frag: b ion - NH3,2,312.186,9806.0,27.133
QSPVDIDTK,0.00578486015248307,frag: y ion,1,690.4309,4716.0,77.6205
QSPVDIDTK,0.00578486015248307,frag: y ion,1,591.3521,4700.0,64.7251
QSPVDIDTK,0.00578486015248307,frag: y ion,1,476.3158,4136.0,53.5135
QSPVDIDTK,0.00578486015248307,frag: y ion,1,363.2212,5918.0,31.771301
QSPVDIDTK,0.00578486015248307,frag: y ion,1,248.1858,7736.0,19.4591
QSPVDIDTK,0.00578486015248307,frag: y ion,1,147.1224,1445.0,16.0948
VGDANPALQK,0.0142194119599595,frag: a ion,1,72.0623,2122.0,15.978199
VGDANPALQK,0.0142194119599595,frag: a ion,1,129.1139,1878.0,16.097
VGDANPALQK,0.0142194119599595,frag: b ion,1,157.1183,1167.0,16.2421
VGDANPALQK,0.0142194119599595,frag: b ion,1,272.1666,5292.0,21.5663
VGDANPALQK,0.0142194119599595,frag: b ion,1,456.7853,1812.0,23.0299
VGDANPALQK,0.0142194119599595,frag: b ion,2,136.0903,1125.0,16.1891
VGDANPALQK,0.0142194119599595,frag: y ion,1,913.6063,6710.0,113.412
VGDANPALQK,0.0142194119599595,frag: y ion,1,670.4892,4063.0,77.0896
VGDANPALQK,0.0142194119599595,frag: y ion,1,556.4214,21150.0,65.6063
VGDANPALQK,0.0142194119599595,frag: y ion,1,388.3117,5662.0,39.3688
VGDANPALQK,0.0142194119599595,frag: y ion,1,275.216,3018.0,21.2032
VGDANPALQK,0.0142194119599595,frag: y ion,1,147.1306,1478.0,16.1332
VGDANPALQK,0.0142194119599595,frag: y ion,2,456.7853,1812.0,23.0299
VGDANPALQK,0.0142194119599595,frag: y ion - NH3,1,442.2685,2785.0,21.7451
VGDANPALQK,0.0142194119599595,frag: y ion - NH3,1,258.1865,2910.0,20.1765
VGDANPALQK,0.0142194119599595,frag: y ion - NH3,1,130.0978,929.0,16.016
VGDANPALQK,0.0142194119599595,frag: y ion - NH3,2,129.1139,1878.0,16.097
DFPIANGER,0.012684451926555,frag: a ion,1,235.1552,25440.0,52.982
DFPIANGER,0.012684451926555,frag: a ion,2,344.2358,4527.0,66.6752
DFPIANGER,0.012684451926555,frag: b ion,1,263.1681,3028.0,54.9414
DFPIANGER,0.012684451926555,frag: y ion,1,756.5596,24390.0,105.833
DFPIANGER,0.012684451926555,frag: y ion,1,659.4837,21540.0,100.5095
DFPIANGER,0.012684451926555,frag: y ion,1,546.3682,30330.0,86.9736
DFPIANGER,0.012684451926555,frag: y ion,1,475.3328,7218.0,78.8776
DFPIANGER,0.012684451926555,frag: y ion,1,361.255,23270.0,68.1965
DFPIANGER,0.012684451926555,frag: y ion,1,175.14568,7632.0,0.0
DFPIANGER,0.012684451926555,frag: y ion,2,378.7853,5782.0,54.1534
DFPIANGER,0.012684451926555,frag: y ion - NH3,1,739.5449,4597.0,103.4985
DFPIANGER,0.012684451926555,frag: y ion - NH3,1,529.3579,4697.0,83.769
DFPIANGER,0.012684451926555,frag: y ion - NH3,1,458.3031,5026.0,77.6355
DFPIANGER,0.012684451926555,frag: y ion - NH3,1,344.2358,4527.0,66.6752
EPISVSSQQMLK,9.19036360071814e-005,frag: a ion,1,199.1416,9618.0,16.565
EPISVSSQQMLK,9.19036360071814e-005,frag: a ion,2,200.1509,1259.0,16.508
EPISVSSQQMLK,9.19036360071814e-005,frag: a ion - NH3,2,392.2706,15930.0,35.2336
EPISVSSQQMLK,9.19036360071814e-005,frag: b ion,1,130.1017,1322.0,16.022
EPISVSSQQMLK,9.19036360071814e-005,frag: b ion,1,227.1438,6961.0,17.0279
EPISVSSQQMLK,9.19036360071814e-005,frag: b ion,1,340.247,5591.0,31.095001
EPISVSSQQMLK,9.19036360071814e-005,frag: b ion,1,427.2918,9449.0,39.6523
EPISVSSQQMLK,9.19036360071814e-005,frag: b ion,2,600.4267,2396.0,36.9968
EPISVSSQQMLK,9.19036360071814e-005,frag: y ion,1,1120.7905,8740.0,0.0
EPISVSSQQMLK,9.19036360071814e-005,frag: y ion,1,1007.66943,40540.0,0.0
EPISVSSQQMLK,9.19036360071814e-005,frag: y ion,1,920.6398,27220.0,0.0
EPISVSSQQMLK,9.19036360071814e-005,frag: y ion,1,821.53,59340.0,102.1859
EPISVSSQQMLK,9.19036360071814e-005,frag: y ion,1,734.5057,33650.0,89.0292
EPISVSSQQMLK,9.19036360071814e-005,frag: y ion,1,647.463,13230.0,73.067
EPISVSSQQMLK,9.19036360071814e-005,frag: y ion,1,519.3832,16310.0,59.8693
EPISVSSQQMLK,9.19036360071814e-005,frag: y ion,1,391.2596,53830.0,0.0
EPISVSSQQMLK,9.19036360071814e-005,frag: y ion,1,260.2446,9543.0,24.1183
EPISVSSQQMLK,9.19036360071814e-005,frag: y ion,1,147.1331,4002.0,16.1101
EPISVSSQQMLK,9.19036360071814e-005,frag: y ion,2,609.423,20780.0,37.8439
EPISVSSQQMLK,9.19036360071814e-005,frag: y ion,2,560.9001,2933.0,31.9613
EPISVSSQQMLK,9.19036360071814e-005,frag: y ion,2,504.3471,2660.0,26.8193
EPISVSSQQMLK,9.19036360071814e-005,frag: y ion,2,460.8238,2486.0,25.9766
EPISVSSQQMLK,9.19036360071814e-005,frag: y ion,2,411.2825,1484.0,20.7695
EPISVSSQQMLK,9.19036360071814e-005,frag: y ion,2,260.2446,9543.0,24.1183
EPISVSSQQMLK,9.19036360071814e-005,frag: y ion - NH3,1,804.5361,7049.0,0.0
EPISVSSQQMLK,9.19036360071814e-005,frag: y ion - NH3,1,630.4348,5658.0,71.4523
EPISVSSQQMLK,9.19036360071814e-005,frag: y ion - NH3,1,502.3566,6741.0,55.8497
EPISVSSQQMLK,9.19036360071814e-005,frag: y ion - NH3,1,130.1017,1322.0,16.022
EPISVSSQQMLK,9.19036360071814e-005,frag: y ion - NH3,2,600.4267,2396.0,36.9968
EPISVSSQQMLK,9.19036360071814e-005,frag: y ion - NH3,2,495.3391,2568.0,26.9214
EPISVSSQQMLK,9.19036360071814e-005,frag: y ion - NH3,2,187.1418,2340.0,16.4318
EPISVSSQQMLK,0.0020106324795794,frag: a ion,1,199.1532,7710.0,46.6371
EPISVSSQQMLK,0.0020106324795794,frag: a ion - NH3,2,392.291,10120.0,70.4386
EPISVSSQQMLK,0.0020106324795794,frag: b ion,1,227.1568,5376.0,49.2154
EPISVSSQQMLK,0.0020106324795794,frag: b ion,1,340.2663,3638.0,67.8207
EPISVSSQQMLK,0.0020106324795794,frag: b ion,1,427.3133,5896.0,74.8198
EPISVSSQQMLK,0.0020106324795794,frag: y ion,1,1120.84,17900.0,137.2889
EPISVSSQQMLK,0.0020106324795794,frag: y ion,1,1007.7044,49050.0,127.57089
EPISVSSQQMLK,0.0020106324795794,frag: y ion,1,920.6738,30150.0,124.9622
EPISVSSQQMLK,0.0020106324795794,frag: y ion,1,821.5611,29630.0,114.4543
EPISVSSQQMLK,0.0020106324795794,frag: y ion,1,734.5383,25530.0,107.3156
EPISVSSQQMLK,0.0020106324795794,frag: y ion,1,647.4967,9387.0,98.45
EPISVSSQQMLK,0.0020106324795794,frag: y ion,1,519.4092,10800.0,89.3233
EPISVSSQQMLK,0.0020106324795794,frag: y ion,1,391.28162,33950.0,0.0
EPISVSSQQMLK,0.0020106324795794,frag: y ion,1,260.258,6267.0,60.5293
EPISVSSQQMLK,0.0020106324795794,frag: y ion,1,147.1426,2796.0,40.373
EPISVSSQQMLK,0.0020106324795794,frag: y ion,2,609.4544,13030.0,72.636
EPISVSSQQMLK,0.0020106324795794,frag: y ion,2,560.929,1994.0,67.4918
EPISVSSQQMLK,0.0020106324795794,frag: y ion,2,504.3759,1804.0,63.178497
EPISVSSQQMLK,0.0020106324795794,frag: y ion,2,460.8481,1755.0,62.198
EPISVSSQQMLK,0.0020106324795794,frag: y ion,2,260.258,6267.0,60.5293
EPISVSSQQMLK,0.0020106324795794,frag: y ion - NH3,1,990.7204,1548.0,127.8674
EPISVSSQQMLK,0.0020106324795794,frag: y ion - NH3,1,804.5805,4258.0,112.1621
EPISVSSQQMLK,0.0020106324795794,frag: y ion - NH3,1,630.4703,1860.0,98.0296
EPISVSSQQMLK,0.0020106324795794,frag: y ion - NH3,1,502.3859,4609.0,85.4646
EPISVSSQQMLK,0.0020106324795794,frag: y ion - NH3,2,495.3662,1690.0,63.2462
YAAELHLVHWNTK,1.21648304241076e-005,frag: a ion,1,136.093,7029.0,16.139
YAAELHLVHWNTK,1.21648304241076e-005,frag: a ion,1,207.1502,11030.0,17.2066
YAAELHLVHWNTK,1.21648304241076e-005,frag: a ion,1,407.2648,8763.0,39.1849
YAAELHLVHWNTK,1.21648304241076e-005,frag: a ion,1,520.37,5880.0,56.9908
YAAELHLVHWNTK,1.21648304241076e-005,frag: a ion,1,657.4532,10060.0,75.2576
YAAELHLVHWNTK,1.21648304241076e-005,frag: a ion,1,770.562,2888.0,99.8113
YAAELHLVHWNTK,1.21648304241076e-005,frag: a ion,2,385.2803,3692.0,36.1618
YAAELHLVHWNTK,1.21648304241076e-005,frag: a ion,2,435.2621,19920.0,41.3832
YAAELHLVHWNTK,1.21648304241076e-005,frag: a ion,2,503.8673,2430.0,30.3484
YAAELHLVHWNTK,1.21648304241076e-005,frag: a ion,2,596.9204,2447.0,39.6619
YAAELHLVHWNTK,1.21648304241076e-005,frag: b ion,1,235.1505,14890.0,18.3132
YAAELHLVHWNTK,1.21648304241076e-005,frag: b ion,1,306.2005,16720.0,28.865
YAAELHLVHWNTK,1.21648304241076e-005,frag: b ion,1,435.2621,19920.0,41.3832
YAAELHLVHWNTK,1.21648304241076e-005,frag: b ion,1,548.3744,28790.0,58.0735
YAAELHLVHWNTK,1.21648304241076e-005,frag: b ion,1,685.4513,38990.0,77.3908
YAAELHLVHWNTK,1.21648304241076e-005,frag: b ion,1,798.557,11740.0,98.2885
YAAELHLVHWNTK,1.21648304241076e-005,frag: b ion,1,897.64856,19040.0,0.0
YAAELHLVHWNTK,1.21648304241076e-005,frag: b ion,1,1034.7346,9570.0,0.0
YAAELHLVHWNTK,1.21648304241076e-005,frag: b ion,2,517.8632,14620.0,30.917
YAAELHLVHWNTK,1.21648304241076e-005,frag: b ion,2,667.9542,7476.0,42.6651
YAAELHLVHWNTK,1.21648304241076e-005,frag: b ion,2,718.4893,2908.0,46.9655
YAAELHLVHWNTK,1.21648304241076e-005,frag: b ion - NH3,2,710.0013,11580.0,49.9696
YAAELHLVHWNTK,1.21648304241076e-005,frag: y ion,1,1034.7346,9570.0,0.0
YAAELHLVHWNTK,1.21648304241076e-005,frag: y ion,1,897.64856,19040.0,0.0
YAAELHLVHWNTK,1.21648304241076e-005,frag: y ion,1,784.5486,17230.0,91.8043
YAAELHLVHWNTK,1.21648304241076e-005,frag: y ion,1,685.4513,38990.0,77.3908
YAAELHLVHWNTK,1.21648304241076e-005,frag: y ion,1,548.3744,28790.0,58.0735
YAAELHLVHWNTK,1.21648304241076e-005,frag: y ion,1,362.2668,18060.0,31.887398
YAAELHLVHWNTK,1.21648304241076e-005,frag: y ion,1,248.2072,9703.0,19.4954
YAAELHLVHWNTK,1.21648304241076e-005,frag: y ion,1,147.1358,1947.0,16.0551
YAAELHLVHWNTK,1.21648304241076e-005,frag: y ion,2,710.0013,11580.0,49.9696
YAAELHLVHWNTK,1.21648304241076e-005,frag: y ion,2,674.4778,11310.0,44.2397
YAAELHLVHWNTK,1.21648304241076e-005,frag: y ion,2,638.9562,4580.0,40.0674
YAAELHLVHWNTK,1.21648304241076e-005,frag: y ion,2,574.4227,6693.0,36.8542
YAAELHLVHWNTK,1.21648304241076e-005,frag: y ion,2,517.8632,14620.0,30.917
YAAELHLVHWNTK,1.21648304241076e-005,frag: y ion - NH3,1,668.44995,11560.0,0.0
YAAELHLVHWNTK,1.21648304241076e-005,frag: y ion - NH3,1,531.357,4260.0,0.0
YAAELHLVHWNTK,1.21648304241076e-005,frag: y ion - NH3,1,345.2414,5320.0,29.8858
YAAELHLVHWNTK,1.21648304241076e-005,frag: y ion - NH3,2,630.4496,2850.0,38.0142
YAAELHLVHWNTK,1.21648304241076e-005,frag: y ion - NH3,2,509.3618,2635.0,30.3371
YAAELHLVHWNTK,1.21648304241076e-005,frag: y ion - NH3,2,173.1236,979.0,16.2108
YAAELHLVHWNTK,1.49660109730079e-006,frag: a ion,1,207.1609,1305.0,50.0034
YAAELHLVHWNTK,1.49660109730079e-006,frag: a ion,2,435.2841,4487.0,75.6567
YAAELHLVHWNTK,1.49660109730079e-006,frag: b ion,1,235.1648,3510.0,53.6104
YAAELHLVHWNTK,1.49660109730079e-006,frag: b ion,1,306.2171,3345.0,65.9589
YAAELHLVHWNTK,1.49660109730079e-006,frag: b ion,1,435.2841,4487.0,75.6567
YAAELHLVHWNTK,1.49660109730079e-006,frag: b ion,1,548.4026,6727.0,88.0493
YAAELHLVHWNTK,1.49660109730079e-006,frag: b ion,1,685.4862,11760.0,101.0378
YAAELHLVHWNTK,1.49660109730079e-006,frag: b ion,1,798.5885,4306.0,113.1013
YAAELHLVHWNTK,1.49660109730079e-006,frag: b ion,1,897.6882,8353.0,119.4502
YAAELHLVHWNTK,1.49660109730079e-006,frag: b ion,1,1034.7766,8288.0,130.4411
YAAELHLVHWNTK,1.49660109730079e-006,frag: b ion,2,517.8886,3269.0,66.7822
YAAELHLVHWNTK,1.49660109730079e-006,frag: b ion - NH3,2,710.0337,2973.0,82.2669
YAAELHLVHWNTK,1.49660109730079e-006,frag: y ion,1,1034.7766,8288.0,130.4411
YAAELHLVHWNTK,1.49660109730079e-006,frag: y ion,1,897.6882,8353.0,119.4502
YAAELHLVHWNTK,1.49660109730079e-006,frag: y ion,1,784.5835,4962.0,109.6697
YAAELHLVHWNTK,1.49660109730079e-006,frag: y ion,1,685.4862,11760.0,101.0378
YAAELHLVHWNTK,1.49660109730079e-006,frag: y ion,1,548.4026,6727.0,88.0493
YAAELHLVHWNTK,1.49660109730079e-006,frag: y ion,1,362.2852,3943.0,67.9864
YAAELHLVHWNTK,1.49660109730079e-006,frag: y ion,2,710.0337,2973.0,82.2669
YAAELHLVHWNTK,1.49660109730079e-006,frag: y ion,2,674.5077,3085.0,77.4811
YAAELHLVHWNTK,1.49660109730079e-006,frag: y ion,2,574.4469,1608.0,71.9244
YAAELHLVHWNTK,1.49660109730079e-006,frag: y ion,2,517.8886,3269.0,66.7822
MVNNGHSFNVEYDDSQDK,0.000308785634012512,frag: a ion,1,104.0583,2196.0,15.9953
MVNNGHSFNVEYDDSQDK,0.000308785634012512,frag: a ion,1,203.1623,21370.0,0.0
MVNNGHSFNVEYDDSQDK,0.000308785634012512,frag: a ion,1,487.8058,2697.0,25.9179
MVNNGHSFNVEYDDSQDK,0.000308785634012512,frag: a ion,2,487.3067,1952.0,25.6445
MVNNGHSFNVEYDDSQDK,0.000308785634012512,frag: a ion,2,536.8496,4541.0,31.208702
MVNNGHSFNVEYDDSQDK,0.000308785634012512,frag: a ion - NH3,2,478.324,2609.0,46.3916
MVNNGHSFNVEYDDSQDK,0.000308785634012512,frag: a ion - NH3,2,528.3379,2173.0,29.982
MVNNGHSFNVEYDDSQDK,0.000308785634012512,frag: a ion - NH3,2,592.3688,18970.0,61.0926
MVNNGHSFNVEYDDSQDK,0.000308785634012512,frag: b ion,1,231.1624,8123.0,18.0348
MVNNGHSFNVEYDDSQDK,0.000308785634012512,frag: b ion,1,1001.6063,5089.0,120.6774
MVNNGHSFNVEYDDSQDK,0.000308785634012512,frag: b ion,2,326.6922,998.0,17.0669
MVNNGHSFNVEYDDSQDK,0.000308785634012512,frag: b ion,2,370.2172,1736.0,18.0256
MVNNGHSFNVEYDDSQDK,0.000308785634012512,frag: b ion,2,501.3034,9885.0,26.3585
MVNNGHSFNVEYDDSQDK,0.000308785634012512,frag: b ion,2,550.8485,4636.0,31.058502
MVNNGHSFNVEYDDSQDK,0.000308785634012512,frag: b ion,2,615.3819,2326.0,35.1236
MVNNGHSFNVEYDDSQDK,0.000308785634012512,frag: b ion,2,811.9908,2481.0,51.003
MVNNGHSFNVEYDDSQDK,0.000308785634012512,frag: b ion,2,919.0346,4898.0,57.1271
MVNNGHSFNVEYDDSQDK,0.000308785634012512,frag: b ion,2,976.5906,8097.0,64.0175
MVNNGHSFNVEYDDSQDK,0.000308785634012512,frag: b ion - NH3,1,870.50543,19620.0,0.0
MVNNGHSFNVEYDDSQDK,0.000308785634012512,frag: b ion - NH3,1,984.603,7370.0,66.1913
MVNNGHSFNVEYDDSQDK,0.000308785634012512,frag: b ion - NH3,1,1212.7347,3719.0,0.0
MVNNGHSFNVEYDDSQDK,0.000308785634012512,frag: b ion - NH3,2,435.7611,4565.0,20.8751
MVNNGHSFNVEYDDSQDK,0.000308785634012512,frag: b ion - NH3,2,492.7956,2815.0,24.8525
MVNNGHSFNVEYDDSQDK,0.000308785634012512,frag: y ion,1,1212.7347,3719.0,0.0
MVNNGHSFNVEYDDSQDK,0.000308785634012512,frag: y ion,1,10